metric,variant,n,mean,median,stdev,cv,ci95_low,ci95_high,min,max
build_time_s,full,5,3.4230769084300845,3.292483750032261,0.6061479448514827,0.17707692846710785,2.670444827726615,4.175708989133554,2.81009625014849,4.128408916061744
build_time_s,slim,5,3.3761286583729087,3.1355024171061814,0.4935667284675533,0.14619310411749023,2.763284620926643,3.9889726958191742,2.955343624809757,4.194424832938239
build_time_s,alpine,5,3.3963934583589435,3.4333099159412086,0.31690656155886826,0.09330678716828938,3.0029019900787475,3.7898849266391395,3.0259237089194357,3.84680795785971
build_time_s,distroless,5,3.4535880495328457,3.3074994578491896,0.39878328693891874,0.11546926883559859,2.95843319905794,3.948742900007751,3.142928665969521,4.1392377079464495
image_size_mb,full,5,405.04776019999997,405.047819,0.00011822732339436115,2.91884896082339e-07,405.0476134013889,405.04790699861104,405.047608,405.047865
image_size_mb,slim,5,48.4369984,48.437014,0.00010766986579455827,2.222884764770194e-06,48.43686471020395,48.43713208979605,48.436883,48.437119
image_size_mb,alpine,5,23.4559186,23.455927,4.531335344046694e-05,1.9318515813943414e-06,23.455862336040397,23.455974863959604,23.455854,23.455979
image_size_mb,distroless,5,20.9036514,20.903631,4.0277785440669875e-05,1.9268301345988707e-06,20.903601388523892,20.90370141147611,20.903616,20.903704
layer_count,full,5,11.0,11.0,0.0,0.0,11.0,11.0,11.0,11.0
layer_count,slim,5,8.0,8.0,0.0,0.0,8.0,8.0,8.0,8.0
layer_count,alpine,5,8.0,8.0,0.0,0.0,8.0,8.0,8.0,8.0
layer_count,distroless,5,46.0,46.0,0.0,0.0,46.0,46.0,46.0,46.0
time_to_ready_s,full,5,0.23855670816265045,0.24551587481983006,0.02434375570048562,0.10204599102653526,0.2083299431284431,0.2687834731968578,0.20972333289682865,0.2691002080682665
time_to_ready_s,slim,5,0.34036840819753705,0.2688876250758767,0.23041998721034537,0.6769723090064759,0.05426420561333056,0.6264726107817435,0.20069433306343853,0.7480894578620791
time_to_ready_s,alpine,5,0.3257142583839595,0.2916938329581171,0.1309182015442049,0.4019418805727426,0.16315784081776033,0.4882706759501587,0.19887337507680058,0.5420777078252286
time_to_ready_s,distroless,5,0.41091290027834476,0.39615933410823345,0.03332151619702066,0.08109143366988304,0.3695387732511505,0.45228702730553905,0.3824956670869142,0.46327895810827613
